City_ID,City,Cloudiness,Country,Date,Humidity,Lat,Lng,Max Temp,Wind Speed
0,mahebourg,75,MU,1554078242,94,-20.41,57.7,75.99,4.7
1,dawson creek,1,CA,1554076800,56,55.76,-120.23,46.4,11.41
2,ribeira grande,68,PT,1554078208,100,38.52,-28.7,59.3,24.87
3,emerald,0,AU,1554078333,43,-23.53,148.16,72.0,14.99
4,arlit,0,NE,1554078355,30,18.74,7.39,74.06,2.95
5,ushuaia,75,AR,1554073200,76,-54.81,-68.31,51.8,4.7
6,chuy,24,UY,1554078356,93,-33.69,-53.46,66.59,6.87
7,tessalit,92,ML,1554078356,33,20.2,1.01,79.73,10.22
8,thompson,90,CA,1554073200,46,55.74,-97.86,28.4,10.29
9,plouzane,12,FR,1554078185,87,48.38,-4.62,50.0,9.17
10,high level,75,CA,1554076800,34,58.52,-117.13,48.2,12.75
11,sao filipe,0,CV,1554078279,96,14.9,-24.5,70.91,14.81
12,khatanga,92,RU,1554078357,95,71.98,102.47,28.79,9.22
13,klaksvik,68,FO,1554076200,87,62.23,-6.59,42.8,13.87
14,hobart,75,AU,1554078256,50,-42.88,147.33,57.99,8.05
15,matay,32,EG,1554078357,48,28.42,30.79,48.77,8.43
16,tuktoyaktuk,75,CA,1554073200,85,69.44,-133.03,23.0,20.8
17,rikitea,24,PF,1554078358,100,-23.12,-134.97,76.76,18.5
18,bilibino,24,RU,1554078355,74,68.06,166.44,14.57,3.18
19,cayenne,76,GF,1554075000,78,4.94,-52.33,78.8,3.36
20,upernavik,56,GL,1554078358,100,72.79,-56.15,10.52,2.62
21,narsaq,0,GL,1554076200,43,60.91,-46.05,15.8,8.05
22,jasper,32,US,1554078316,57,33.83,-87.28,50.0,7.65
23,guilin,90,CN,1554073200,87,25.28,110.29,55.4,4.52
24,tasiilaq,80,GL,1554076200,67,65.61,-37.64,21.2,10.29
25,yellowknife,90,CA,1554078169,69,62.45,-114.38,36.0,24.16
26,ponta do sol,8,BR,1554078359,74,-20.63,-46.0,67.22,3.74
27,naze,8,NG,1554078338,90,5.43,7.07,77.66,3.74
28,qaqortoq,0,GL,1554076200,43,60.72,-46.03,15.8,8.05
29,avarua,12,CK,1554076800,83,-21.21,-159.78,82.4,9.17
30,busselton,80,AU,1554078305,49,-33.64,115.35,73.99,12.01
31,cartagena,80,ES,1554077746,93,37.63,-1.0,57.2,9.17
32,new norfolk,75,AU,1554078136,50,-42.78,147.06,57.99,8.05
33,saint anthony,8,US,1554078008,27,43.97,-111.68,52.0,12.75
34,byron bay,92,AU,1554077990,53,-28.65,153.62,78.01,12.75
35,provideniya,90,RU,1554075000,74,64.42,-173.23,30.2,2.24
36,cidreira,32,BR,1554078159,95,-30.17,-50.22,69.83,1.39
37,conde,88,BR,1554078361,100,-11.81,-37.61,78.29,4.74
38,praia da vitoria,40,PT,1554077838,76,38.73,-27.07,57.2,26.89
39,havre-saint-pierre,90,CA,1554073200,100,50.23,-63.6,37.4,8.05
40,cooma,0,AU,1554073200,81,-36.24,149.13,50.0,4.7
41,atuona,32,PF,1554078361,100,-9.8,-139.03,81.8,10.78
42,oranjestad,20,AW,1554073200,78,12.52,-70.03,80.6,23.04
43,mataura,24,NZ,1554078006,58,-46.19,168.86,57.99,5.01
44,killam,48,CA,1554078362,74,52.79,-111.86,38.51,2.62
45,bambous virieux,75,MU,1554077942,94,-20.34,57.76,75.99,4.7
46,victoria,75,BN,1554075000,74,5.28,115.24,84.2,8.05
47,berlevag,64,NO,1554078362,100,70.86,29.09,30.5,25.21
48,albany,40,US,1554078332,64,42.65,-73.75,39.0,12.75
49,hithadhoo,0,MV,1554078363,100,-0.6,73.08,82.97,5.41
50,makakilo city,40,US,1554078332,57,21.35,-158.09,82.4,11.41
51,lodwar,8,KE,1554078363,60,3.12,35.6,76.22,2.06
52,lebu,32,ET,1554078281,91,8.96,38.73,49.58,3.96
53,ughelli,0,NG,1554078363,89,5.49,6.0,79.19,5.97
54,vikhorevka,90,RU,1554078146,94,56.12,101.17,32.0,4.47
55,guangyuan,92,CN,1554078364,88,32.43,105.86,49.4,2.17
56,chaihe,12,CN,1554078364,54,44.77,129.68,27.44,3.85
57,guerrero negro,36,MX,1554078198,23,27.97,-114.04,81.53,12.24
58,esna,0,RO,1554078364,84,45.2,27.57,39.59,1.16
59,tura,32,IN,1554078365,96,25.52,90.21,63.17,3.85
60,hilo,90,US,1554078324,78,19.71,-155.08,80.01,10.29
61,puksoozero,0,RU,1554078365,67,62.59,40.61,15.38,4.07
62,saint-philippe,90,CA,1554078313,86,45.36,-73.48,34.0,9.17
63,tazovskiy,88,RU,1554078366,93,67.47,78.7,29.24,14.47
64,kasiri,32,SL,1554078366,86,8.94,-13.11,82.61,10.56
65,punta arenas,75,CL,1554078146,71,-53.16,-70.91,53.6,14.99
66,marienburg,0,DE,1554078208,74,52.12,9.98,36.0,1.12
67,yar-sale,0,RU,1554078366,72,66.83,70.83,17.27,13.47
68,bethel,1,US,1554076560,46,60.79,-161.76,50.0,8.05
69,brasilia,40,BR,1554073200,78,-10.9,-37.55,80.6,6.93
70,sabla,32,NG,1554078368,62,12.75,4.71,75.86,2.73
71,chokurdakh,0,RU,1554078196,90,70.62,147.9,17.09,4.41
72,dikson,88,RU,1554078213,96,73.51,80.55,28.34,22.3
73,mount gambier,90,AU,1554073200,71,-37.83,140.78,57.2,5.82
74,esperance,20,TT,1554078307,74,10.24,-61.45,80.6,8.05
75,fuxin,0,CN,1554078369,52,42.02,121.65,28.34,5.53
76,puerto ayora,20,EC,1554077779,70,-0.74,-90.35,84.2,16.11
77,namatanai,64,PG,1554078270,100,-3.66,152.44,82.07,13.47
78,ereymentau,0,KZ,1554078369,73,51.62,73.1,20.78,2.95
79,pevek,0,RU,1554078369,81,69.7,170.27,8.45,2.73
80,jamestown,20,AU,1554078114,80,-33.21,138.6,57.5,4.29
81,omboue,92,GA,1554078148,99,-1.57,9.26,84.23,8.32
82,turukhansk,48,RU,1554078370,85,65.8,87.96,25.19,9.44
83,arraial do cabo,24,BR,1554078357,95,-22.97,-42.02,75.86,5.97
84,vaini,0,IN,1554078252,90,15.34,74.49,65.33,1.05
85,victoria point,75,AU,1554078345,50,-27.58,153.3,78.01,8.05
86,kaitangata,0,NZ,1554078186,47,-46.28,169.85,64.0,15.01
87,cradock,76,ZA,1554078371,37,-32.16,25.62,70.82,7.76
88,kapaa,40,US,1554078208,61,22.08,-159.32,81.0,14.99
89,channel-port aux basques,80,CA,1554078371,94,47.57,-59.14,32.39,21.74
90,bay roberts,90,CA,1554078208,100,47.58,-53.28,42.8,14.99
91,bluff,0,AU,1554078372,50,-23.58,149.07,70.01,9.1
92,kathmandu,20,NP,1554076200,93,27.71,85.32,50.0,4.7
93,westport,76,IE,1554078126,88,53.8,-9.52,44.01,1.01
94,haines junction,0,CA,1554078372,46,60.75,-137.51,41.57,2.62
95,la ronge,20,CA,1554073200,47,55.1,-105.3,33.8,11.41
96,mar del plata,76,AR,1554078118,39,-46.43,-67.52,67.04,10.67
97,saskylakh,68,RU,1554078373,86,71.97,114.09,24.2,15.03
98,kharabali,0,RU,1554078373,85,47.41,47.25,30.59,9.22
99,albania,80,CO,1554078373,92,5.76,-73.91,65.78,2.06
100,port elizabeth,1,US,1554078198,34,39.31,-74.98,48.99,18.34
101,poum,0,MK,1554078073,71,41.28,20.71,31.76,1.72
102,buin,88,CL,1554078204,72,-33.73,-70.74,70.0,4.7
103,rocha,36,UY,1554078356,90,-34.48,-54.34,65.33,5.3
104,cape town,40,ZA,1554078191,77,-33.93,18.42,61.0,6.93
105,faanui,0,PF,1554078311,100,-16.48,-151.75,83.87,5.41
106,bredasdorp,0,ZA,1554076800,77,-34.53,20.04,59.0,10.29
107,turbat,0,PK,1554078374,56,26.0,63.05,66.05,2.73
108,twentynine palms,1,US,1554078019,11,34.14,-116.05,89.6,9.17
109,los llanos de aridane,0,ES,1554077825,67,28.66,-17.92,60.8,6.93
110,sola,75,FI,1554078127,73,62.78,29.36,26.6,5.82
111,nikolskoye,40,RU,1554078339,86,59.7,30.79,33.8,15.66
112,champerico,75,MX,1554075960,61,16.38,-93.6,80.6,32.21
113,dunedin,0,NZ,1554078099,41,-45.87,170.5,68.0,11.01
114,codajas,48,BR,1554078376,68,-3.84,-62.06,85.04,4.85
115,barrow,80,AR,1554078376,43,-38.31,-60.23,73.16,8.21
116,sturgis,1,US,1554078362,42,44.41,-103.51,52.0,13.87
117,severo-kurilsk,68,RU,1554078376,99,50.68,156.12,29.69,2.95
118,sibolga,48,ID,1554078376,100,1.74,98.78,69.65,2.06
119,port blair,0,IN,1554078231,100,11.67,92.75,83.24,7.87
120,aykhal,44,RU,1554078335,84,65.95,111.51,25.46,8.32
121,talnakh,92,RU,1554078377,90,69.49,88.39,28.7,14.81
122,dutlwe,100,BW,1554078377,63,-23.98,23.93,75.23,2.95
123,puerto baquerizo moreno,40,EC,1554073200,70,-0.9,-89.6,86.0,11.41
124,novikovo,0,UA,1554078378,100,45.05,34.56,34.01,5.19
125,rawson,8,AR,1554078378,31,-43.3,-65.11,65.42,5.19
126,vardo,75,US,1554078245,47,39.62,-77.74,42.01,16.11
127,matara,12,PE,1554078378,80,-13.74,-72.9,48.86,1.95
128,pochutla,75,MX,1554077831,51,15.74,-96.47,84.2,4.52
129,garowe,92,SO,1554078379,95,8.41,48.48,68.39,6.31
130,wairoa,44,NZ,1554078005,62,-39.04,177.43,75.0,10.0
131,inta,88,RU,1554078379,81,66.04,60.13,29.96,7.09
132,vila,0,IT,1554078378,60,45.18,8.4,55.99,8.05
133,gat,0,SN,1554076800,68,14.69,-16.54,68.0,21.92
134,nizhniy kuranakh,56,RU,1554078380,81,58.84,125.49,20.42,3.29
135,faridpur,0,IN,1554078380,41,28.21,79.54,69.65,10.67
136,sur,12,OM,1554078380,78,22.57,59.53,79.82,7.2
137,dingle,0,PH,1554078152,65,11.0,122.67,77.84,13.02
138,hualmay,24,PE,1554078381,86,-11.1,-77.61,67.58,5.64
139,mazatlan,5,MX,1554077847,65,23.22,-106.42,78.8,11.41
140,itarema,92,BR,1554078381,94,-2.92,-39.92,79.01,4.41
141,two rivers,90,US,1554078252,37,44.15,-87.57,35.6,5.82
142,maryville,1,US,1554078080,18,40.35,-94.87,44.6,6.93
143,bathsheba,20,BB,1554073200,74,13.22,-59.52,78.8,11.41
144,khandyga,0,RU,1554078382,65,62.65,135.58,18.26,3.4
145,hermanus,88,ZA,1554077747,78,-34.42,19.24,57.99,3.0
146,carnarvon,8,ZA,1554078382,28,-30.97,22.13,56.51,10.78
147,nyzhni sirohozy,0,UA,1554078382,77,46.85,34.38,36.44,2.51
148,samfya,44,ZM,1554078382,87,-11.37,29.56,68.03,10.67
149,yoichi,20,JP,1554076800,59,43.19,140.77,44.01,5.82
150,sydney,75,AU,1554078363,82,-33.85,151.22,72.0,19.46
151,katsuura,40,JP,1554077220,53,33.93,134.5,50.0,18.34
152,inhambane,0,MZ,1554078383,100,-23.87,35.38,69.47,4.74
153,victor harbor,75,AU,1554078325,45,-35.55,138.62,66.2,9.17
154,butaritari,36,KI,1554078199,100,3.07,172.79,81.53,13.24
155,northam,0,GB,1554078127,80,51.04,-4.21,46.0,5.82
156,ilulissat,56,GL,1554076200,66,69.22,-51.1,15.8,17.22
157,vao,56,EE,1554078384,88,59.1,26.19,30.95,10.0
158,manubul,68,PH,1554078384,100,5.47,120.8,79.82,8.1
159,ayagoz,0,KZ,1554078384,73,47.96,80.43,28.61,2.73
160,fortuna,75,ES,1554078085,93,38.18,-1.13,57.2,8.05
161,alakurtti,8,RU,1554078385,81,66.96,30.34,23.84,7.65
162,lumphat,64,KH,1554078385,85,13.5,106.97,76.13,3.06
163,college,1,US,1554078331,45,64.86,-147.8,54.0,5.64
164,adrar,0,DZ,1554073200,48,27.87,-0.29,66.2,10.29
165,hambantota,0,LK,1554078123,100,6.12,81.12,80.0,6.64
166,tilichiki,88,RU,1554078386,93,60.47,166.1,34.64,11.56
167,kainantu,24,PG,1554078386,85,-6.29,145.87,71.9,1.5
168,tarakan,75,ID,1554073200,94,3.3,117.63,73.4,2.24
169,iwata,20,JP,1554078294,43,34.71,137.85,54.0,6.93
170,iquitos,75,PE,1554073200,319,-3.75,-73.25,42.8,3.36
171,eyl,92,SO,1554078126,100,7.98,49.82,77.93,6.64
172,batagay,0,RU,1554078387,64,67.65,134.64,13.04,3.96
173,anadyr,90,RU,1554078146,98,64.73,177.51,33.8,20.13
174,clyde river,90,CA,1554076800,91,70.47,-68.59,1.4,10.29
175,lumut,0,ID,1554078387,94,-8.46,120.34,74.96,2.73
176,longyearbyen,20,NO,1554076200,71,78.22,15.63,5.0,6.93
177,ahipara,92,NZ,1554078388,93,-35.17,173.16,70.55,12.24
178,beringovskiy,88,RU,1554078108,96,63.05,179.32,32.57,15.03
179,kendari,88,ID,1554078388,96,-3.99,122.52,75.23,3.74
180,mount isa,0,AU,1554075000,35,-20.73,139.49,71.6,10.29
181,totness,1,US,1554078387,42,33.74,-80.8,63.0,8.05
182,caravelas,0,BR,1554078389,100,-17.73,-39.27,81.08,15.03
183,torbay,90,CA,1554077918,100,47.66,-52.73,42.8,14.99
184,quatre cocos,75,MU,1554077942,94,-20.21,57.76,75.99,4.7
185,freeport,40,BS,1554076800,83,26.54,-78.7,71.6,2.24
186,salon-de-provence,0,FR,1554078306,80,43.64,5.1,48.2,4.7
187,nemuro,75,JP,1554076800,63,43.32,145.57,30.2,5.82
188,kiunga,12,PG,1554078390,86,-6.12,141.3,81.08,2.73
189,tete,0,MZ,1554078390,79,-16.16,33.59,71.99,6.42
190,tadine,0,NC,1554078135,95,-21.55,167.88,79.28,8.99
191,pimentel,92,BR,1554078390,99,-3.7,-45.5,73.34,3.18
192,codrington,24,AU,1554078301,59,-28.95,153.24,73.0,5.82
193,chumikan,80,RU,1554078390,71,54.72,135.31,23.66,5.41
194,touros,75,BR,1554075000,94,-5.2,-35.46,78.8,2.24
195,araouane,76,ML,1554078391,34,18.9,-3.53,82.25,8.1
196,port-gentil,20,GA,1554073200,94,-0.72,8.78,77.0,2.24
197,gigmoto,88,PH,1554078391,100,13.78,124.39,76.13,6.42
198,kutum,0,SD,1554078391,23,14.2,24.66,61.1,9.66
199,sibiti,48,CG,1554078392,91,-3.69,13.35,74.96,2.51
200,chapais,40,CA,1554073200,57,49.78,-74.86,19.4,11.41
201,vila velha,68,BR,1554078384,100,-3.71,-38.6,79.0,1.01
202,tema,8,GH,1554078392,98,5.66,-0.01,82.79,10.67
203,tiksi,8,RU,1554078177,76,71.64,128.87,23.03,6.98
204,kitimat,20,CA,1554073200,28,54.02,-128.69,59.0,6.93
205,douentza,92,ML,1554078393,57,15.01,-2.95,87.29,1.39
206,zyryanovsk,80,KZ,1554078393,92,49.74,84.27,35.09,2.17
207,lorengau,48,PG,1554078393,96,-2.02,147.27,83.6,10.22
208,saryozek,48,KZ,1554078393,72,44.36,77.98,36.8,2.73
209,along,92,IN,1554078393,96,28.17,94.8,55.79,1.95
210,arecibo,5,PR,1554078390,78,18.47,-66.72,79.0,8.05
211,maniitsoq,76,GL,1554078394,87,65.42,-52.9,21.95,14.47
212,lazaro cardenas,5,MX,1554078313,28,28.39,-105.62,73.0,13.87
213,arman,32,RU,1554078376,71,59.7,150.17,23.93,10.33
214,tual,68,ID,1554078394,100,-5.67,132.75,82.88,15.03
215,yeppoon,0,AU,1554075000,53,-23.13,150.74,77.0,10.29
216,inuvik,75,CA,1554076800,90,68.36,-133.71,32.0,17.22
217,dire,75,ET,1554076800,48,9.18,38.92,64.4,4.7
218,astana,0,KZ,1554075000,100,51.13,71.43,26.6,4.47
219,kichera,0,RU,1554078395,63,55.93,110.1,9.53,1.5
220,kaspiyskiy,0,RU,1554078396,98,45.39,47.37,41.75,16.15
221,rusape,12,ZW,1554078396,92,-18.53,32.12,53.72,2.39
222,lompoc,1,US,1554078327,48,34.64,-120.46,75.99,10.29
223,qaanaaq,44,GL,1554078396,85,77.48,-69.36,-3.53,4.41
224,taikang,64,CN,1554078396,55,46.86,124.44,29.51,7.2
225,vestmanna,80,FO,1554076200,87,62.16,-7.17,42.8,13.87
226,den helder,0,NL,1554078151,91,52.96,4.76,42.8,13.87
227,butajira,44,ET,1554078397,84,8.12,38.38,50.93,2.73
228,leningradskiy,24,RU,1554078397,92,69.38,178.42,7.64,9.66
229,pirgos,75,GR,1554078276,58,35.12,25.72,57.2,24.16
230,varberg,0,SE,1554077884,74,57.11,12.25,32.0,2.24
231,souillac,0,FR,1554078333,50,45.6,-0.6,53.6,3.36
232,chifeng,0,CN,1554078398,53,42.27,118.96,28.61,5.97
233,severnoye,92,RU,1554078398,94,54.09,52.54,34.82,13.69
234,port lincoln,32,AU,1554078181,100,-34.72,135.86,62.09,2.17
235,isangel,40,VU,1554073200,79,-19.55,169.27,84.2,4.7
236,ust-nera,36,RU,1554078399,79,64.57,143.24,8.0,2.62
237,kamenka,20,RU,1554078399,90,53.19,44.05,35.45,13.91
238,saint george,0,GR,1554076200,81,39.45,22.34,44.6,3.4
239,aklavik,75,CA,1554076800,99,68.22,-135.01,32.0,17.22
240,smithers,20,CA,1554073500,34,54.78,-127.17,53.6,5.82
241,port hardy,20,CA,1554073200,76,50.7,-127.42,50.0,8.05
242,ancud,90,CL,1554073200,100,-41.87,-73.83,55.4,5.82
243,paamiut,76,GL,1554078401,100,61.99,-49.67,26.18,5.19
244,sicamous,75,CA,1554078325,50,50.84,-118.99,57.99,5.82
245,methoni,0,GR,1554078347,87,36.82,21.7,55.0,17.27
246,kirkuk,68,IQ,1554078401,92,35.47,44.4,52.01,6.64
247,brae,80,GB,1554076200,75,60.4,-1.35,42.8,18.34
248,kodiak,1,US,1554078080,18,39.95,-94.76,46.0,6.93
249,olinda,40,EC,1554078300,66,-2.03,-79.75,87.8,3.36
250,syracuse,90,US,1554078049,74,43.05,-76.15,33.8,20.8
251,airai,0,TL,1554078402,62,-8.93,125.41,76.58,1.28
252,pisco,20,PE,1554073200,30,-13.71,-76.2,71.6,23.04
253,quarai,36,BR,1554078402,76,-30.39,-56.45,74.96,8.32
254,jurm,0,AF,1554078402,89,36.86,70.83,18.53,1.72
255,ostrovnoy,0,RU,1554078402,80,68.05,39.51,21.05,18.84
256,moyale,56,ET,1554078403,61,3.52,39.05,66.68,2.95
257,saldanha,0,PT,1554078403,78,41.42,-6.55,47.42,4.41
258,namibe,0,AO,1554078399,100,-15.19,12.15,77.93,6.98
259,kaeo,92,NZ,1554077305,96,-35.1,173.78,70.0,5.99
260,palmer,75,AU,1554078325,45,-34.85,139.16,68.0,9.17
261,douglas,1,US,1554076560,22,58.28,-134.39,57.2,9.17
262,cabra,0,ES,1554078194,93,37.47,-4.43,55.4,2.24
263,cabo san lucas,5,MX,1554078309,29,22.89,-109.91,82.99,17.22
264,turayf,40,SA,1554076800,100,31.68,38.65,44.6,11.41
265,buchanan,20,LR,1554076800,94,5.88,-10.05,78.8,6.2
266,goderich,44,CA,1554078269,88,43.74,-81.71,28.0,20.0
267,oshawa,90,CA,1554078162,80,43.92,-78.86,30.2,13.87
268,veselynove,0,UA,1554078405,77,47.36,31.24,36.62,2.73
269,beidao,0,CN,1554078405,76,34.57,105.89,41.84,7.99
270,valsad,0,IN,1554078405,76,20.61,72.93,66.14,6.31
271,boa vista,20,BR,1554073200,32,2.82,-60.67,93.2,9.17
272,karakol,12,KG,1554078155,100,42.49,78.39,21.23,1.95
273,east london,20,ZA,1554078407,100,-33.02,27.91,72.53,5.19
274,kurchum,12,KZ,1554078407,82,48.57,83.65,33.83,2.06
275,waipawa,100,NZ,1554076937,68,-39.94,176.59,71.01,3.0
276,grand-santi,92,GF,1554078407,55,4.27,-54.38,85.49,4.63
277,san cristobal,40,EC,1554077839,76,-0.39,-78.55,62.6,13.87
278,the valley,20,AI,1554077835,73,18.22,-63.06,78.8,5.82
279,sasaguri,75,JP,1554078391,39,33.62,130.55,48.99,17.22
280,mareeba,75,AU,1554077605,83,-16.99,145.42,82.4,8.05
281,thinadhoo,0,MV,1554078408,100,0.53,72.93,83.06,2.39
282,pitimbu,75,BR,1554073200,100,-7.47,-34.81,78.8,3.36
283,cherskiy,0,RU,1554078408,71,68.75,161.3,11.33,2.62
284,verkhoyansk,0,RU,1554078409,70,67.55,133.39,10.79,2.73
285,eydhafushi,0,MV,1554078409,100,5.1,73.07,83.87,2.06
286,damietta,40,EG,1554073200,87,31.42,31.81,55.4,13.87
287,marawi,0,PH,1554077838,70,8.0,124.29,78.01,5.01
288,asosa,0,ET,1554078410,34,10.07,34.53,63.62,5.75
289,pecos,1,US,1554078136,24,31.42,-103.49,55.4,14.99
290,quthing,92,LS,1554078410,80,-30.4,27.7,56.69,3.74
291,kloulklubed,90,PW,1554076200,78,7.04,134.26,82.4,10.29
292,lerwick,40,GB,1554076200,75,60.15,-1.15,42.8,19.46
293,kununurra,0,AU,1554075000,28,-15.77,128.74,84.2,6.93
294,yulara,0,AU,1554073200,31,-25.24,130.99,64.4,10.29
295,cockburn town,0,TC,1554078222,100,21.46,-71.14,77.75,10.45
296,assiniboia,48,CA,1554078411,61,49.63,-105.99,38.51,4.52
297,qasigiannguit,56,GL,1554076200,66,68.82,-51.19,15.8,17.22
298,grand gaube,75,MU,1554078242,94,-20.01,57.66,75.99,4.7
299,hargeysa,0,SO,1554078390,60,9.56,44.06,55.88,4.97
300,harlingen,90,US,1554078161,81,26.19,-97.7,50.0,10.29
301,georgetown,20,GY,1554073200,74,6.8,-58.16,84.2,9.17
302,strezhevoy,0,RU,1554075000,86,60.73,77.6,26.6,8.95
303,digboi,90,IN,1554075000,93,27.4,95.61,66.2,3.36
304,chhabra,0,IN,1554078412,41,24.67,76.85,65.24,4.18
305,zeya,0,RU,1554078412,55,53.74,127.27,19.43,3.06
306,skjervoy,88,NO,1554078413,100,70.03,20.97,32.84,25.88
307,viedma,12,AR,1554078413,45,-40.81,-62.99,77.57,10.78
308,valdemarpils,0,LV,1554076200,86,57.37,22.59,35.6,5.82
309,sal rei,40,CV,1554076800,60,16.18,-22.92,69.8,11.41
310,camacha,20,PT,1554076800,77,33.08,-16.33,59.0,8.05
311,hamilton,75,CA,1554078183,68,43.26,-79.87,30.2,16.11
312,faya,20,SA,1554076800,77,18.39,42.45,60.8,11.41
313,greenwood,0,US,1554078340,27,32.03,-101.9,53.6,11.41
314,jumla,56,NP,1554078415,83,29.28,82.18,21.86,1.95
315,gizo,20,IL,1554078398,81,31.8,34.94,53.6,11.41
316,kavieng,80,PG,1554078310,100,-2.57,150.8,83.78,7.31
317,nicoya,0,CR,1554076800,52,10.15,-85.45,87.8,8.05
318,anloga,40,GH,1554073200,83,5.79,0.9,84.2,6.93
319,hami,76,CN,1554078416,55,42.84,93.51,43.37,5.41
320,oxelosund,0,SE,1554076200,68,58.67,17.1,30.2,5.82
321,valparaiso,1,US,1554078340,47,41.47,-87.06,34.0,4.7
322,carupano,8,VE,1554078416,80,10.67,-63.26,78.74,14.25
323,samarai,92,PG,1554078416,100,-10.62,150.67,75.23,6.76
324,luderitz,8,NA,1554078417,81,-26.65,15.16,60.83,18.72
325,padang,75,ID,1554073200,94,-0.92,100.36,75.2,3.36
326,avera,1,US,1554078367,54,33.19,-82.53,60.8,10.29
327,thessalon,1,CA,1554077760,53,46.26,-83.55,24.8,5.82
328,katobu,56,ID,1554078417,99,-4.94,122.53,81.71,4.18
329,bagaha,0,IN,1554078418,83,27.1,84.09,64.7,8.55
330,alice springs,0,AU,1554075000,29,-23.7,133.88,66.2,11.41
331,kapuskasing,20,CA,1554073200,30,49.42,-82.43,26.6,11.41
332,kahului,40,US,1554078283,54,20.89,-156.47,86.0,12.75
333,kerema,56,PG,1554078418,87,-7.96,145.78,80.0,2.84
334,bowen,90,AU,1554078400,61,-20.01,148.25,80.01,13.87
335,plettenberg bay,76,ZA,1554078191,100,-34.05,23.37,65.24,29.57
336,iqaluit,75,CA,1554078121,71,63.75,-68.52,5.0,5.82
337,port alfred,88,ZA,1554078419,100,-33.59,26.89,67.94,14.03
338,pandan,0,PH,1554078419,100,11.72,122.09,79.28,18.84
339,limon,90,US,1554078120,48,39.26,-103.69,48.0,11.41
340,linjiang,24,CN,1554078419,69,41.81,126.91,26.81,4.97
341,volchikha,0,RU,1554078420,86,52.02,80.36,28.07,3.4
342,devonport,0,AU,1554078244,49,-41.18,146.36,63.0,1.01
343,wicklow,75,IE,1554078321,75,53.0,-6.42,48.0,4.7
344,linhares,48,BR,1554078420,73,-19.38,-40.06,75.59,8.32
345,lumeje,48,AO,1554078420,66,-11.56,20.78,69.11,4.07
346,ushtobe,48,KZ,1554078421,75,45.25,77.98,40.31,2.73
347,benguela,0,AO,1554078421,100,-12.58,13.4,80.36,5.97
348,taltal,0,CL,1554078379,92,-25.41,-70.49,60.11,2.51
349,dayong,0,PH,1554078421,100,11.74,122.04,79.28,18.84
350,mogadishu,0,SO,1554078421,100,2.04,45.34,82.79,14.47
351,geraldton,20,CA,1554076800,50,49.72,-86.95,28.4,8.05
352,tchaourou,0,BJ,1554078422,57,8.89,2.6,83.87,6.76
353,bitkine,0,TD,1554078422,24,11.98,18.21,74.33,9.22
354,saint-joseph,0,FR,1554077885,75,43.56,6.97,51.8,4.7
355,methana,20,GR,1554078364,50,37.58,23.39,53.01,3.36
356,rosetown,48,CA,1554077919,43,51.55,-107.99,41.0,1.01
357,saint-pierre,0,FR,1554078334,81,48.95,4.24,55.4,6.93
358,grants,90,US,1554076500,87,35.15,-107.85,33.8,3.36
359,te anau,32,NZ,1554078424,68,-45.41,167.72,50.48,14.47
360,mezen,0,RU,1554078425,88,65.85,44.24,25.64,5.41
361,mahanoro,88,MG,1554078425,99,-19.9,48.8,72.71,2.06
362,tucumcari,90,US,1554078017,42,35.17,-103.73,46.4,4.63
363,tautira,20,PF,1554078141,70,-17.73,-149.15,87.8,6.93
364,nadvoitsy,76,RU,1554078425,83,63.89,34.27,26.99,6.64
365,teluk intan,90,MY,1554076800,94,4.02,101.03,78.01,3.36
366,belaya gora,0,RU,1554078426,84,68.54,146.19,15.83,4.63
367,vanderhoof,12,CA,1554078426,49,54.02,-124.02,47.15,3.29
368,tyrma,20,RU,1554078426,66,50.04,132.17,22.85,3.62
369,prieska,12,ZA,1554078426,31,-29.67,22.74,73.79,10.45
370,dzilam gonzalez,68,MX,1554078427,52,21.28,-88.93,84.32,4.85
371,acajutla,0,SV,1554078427,66,13.59,-89.83,82.16,4.97
372,pedernales,20,EC,1554078427,71,0.07,-80.05,76.94,6.76
373,faranah,0,GN,1554078427,66,10.04,-10.74,77.48,1.61
374,pundaguitan,0,PH,1554078428,100,6.37,126.17,79.37,8.55
375,fairbanks,1,US,1554078113,60,64.84,-147.72,54.0,5.64
376,koungheul,8,SN,1554078428,46,13.98,-14.8,79.46,7.2
377,manyana,75,AU,1554078136,100,-35.26,150.51,64.0,11.41
378,gornopravdinsk,0,RU,1554078428,76,60.06,69.92,30.14,11.01
379,rio grande,8,BR,1554078305,87,-32.03,-52.1,71.36,8.99
380,shingu,40,JP,1554076800,100,33.72,135.99,50.0,13.87
381,havoysund,40,NO,1554076200,79,71.0,24.66,28.4,48.32
382,miramar,75,CR,1554077139,54,10.09,-84.73,78.8,6.93
383,matam,0,SN,1554078429,30,15.66,-13.26,82.88,13.69
384,tongchuan,0,CN,1554073200,64,34.9,108.95,33.8,2.24
385,jacareacanga,8,BR,1554078220,95,-6.22,-57.76,75.23,1.39
386,ambilobe,88,MG,1554078430,98,-13.19,49.05,73.34,2.95
387,port keats,0,AU,1554078430,76,-14.25,129.55,80.63,15.26
388,nanortalik,20,GL,1554078396,100,60.14,-45.24,26.9,22.53
389,jiuquan,12,CN,1554078430,73,39.73,98.49,24.29,2.73
390,kirakira,24,SB,1554078431,100,-10.46,161.92,84.14,5.64
391,qinzhou,92,CN,1554078431,100,21.96,108.62,62.63,10.11
392,ponta delgada,40,PT,1554076800,76,37.73,-25.67,57.2,13.87
393,bijar,92,IR,1554078431,99,35.87,47.6,37.61,3.96
394,castro,90,CL,1554073200,100,-42.48,-73.76,55.4,5.82
395,takoradi,0,GH,1554078432,100,4.89,-1.75,81.08,5.19
396,ouallam,8,NE,1554078432,36,14.32,2.08,79.19,4.41
397,half moon bay,1,US,1554078425,82,37.46,-122.43,75.99,16.11
398,coquimbo,0,CL,1554073200,77,-29.95,-71.34,60.8,9.17
399,grindavik,40,IS,1554078114,74,63.84,-22.43,30.99,6.93
400,saint-georges,92,CA,1554077840,87,46.12,-70.67,30.99,5.01
401,luangwa,0,MZ,1554078433,64,-15.62,30.4,70.46,6.31
402,vila franca do campo,40,PT,1554076800,76,37.72,-25.43,57.2,13.87
403,micheweni,32,TZ,1554078433,100,-4.97,39.83,80.45,6.76
404,lasa,20,CY,1554077799,87,34.92,32.53,51.8,3.36
405,meulaboh,76,ID,1554078434,100,4.14,96.13,79.91,4.74
406,maragogi,88,BR,1554078377,98,-9.01,-35.22,77.75,4.41
407,dubbo,0,AU,1554078434,91,-32.25,148.6,60.83,4.63
408,cheyenne,20,US,1554078332,26,41.14,-104.82,52.0,6.93
409,nabire,0,ID,1554078434,85,-3.36,135.5,76.13,1.95
410,vagay,12,RU,1554078434,78,57.94,69.02,27.62,9.55
411,brodina,0,RO,1554078307,99,47.88,25.43,39.0,3.18
412,poli,0,CM,1554078435,66,8.48,13.24,69.38,1.05
413,magadan,56,RU,1554078319,93,59.56,150.8,27.26,13.02
414,chinsali,68,ZM,1554078435,97,-10.55,32.07,61.64,3.74
415,flinders,75,AU,1554078358,100,-34.58,150.85,69.01,11.41
416,kuytun,80,RU,1554078436,91,54.34,101.51,31.76,3.62
417,zermatt,0,CH,1554078146,49,46.02,7.75,46.4,1.12
418,punta alta,0,AR,1554076800,88,-27.46,-55.82,80.6,3.36
419,senneterre,20,CA,1554073200,49,48.39,-77.24,23.0,12.75
420,khvorostyanka,80,RU,1554078437,88,52.62,48.95,35.81,12.8
421,vicksburg,1,US,1554077831,54,32.35,-90.88,50.0,5.82
422,isla vista,1,US,1554078425,37,34.41,-119.86,75.99,10.29
423,pangnirtung,76,CA,1554078437,78,66.15,-65.72,8.45,8.55
424,husavik,68,CA,1554078308,60,50.56,-96.99,36.0,7.09
425,vostok,80,RU,1554078357,76,46.45,135.83,26.09,2.95
426,labuhan,8,ID,1554078438,88,-2.54,115.51,77.21,2.39
427,tondano,40,ID,1554075000,88,1.3,124.91,82.4,0.72
428,acapulco,5,MX,1554077460,69,16.86,-99.88,80.6,11.41
429,yamada,20,JP,1554078214,52,36.58,137.08,51.01,2.24
430,lavrentiya,32,RU,1554078438,100,65.58,-170.99,28.34,4.97
431,saurimo,24,AO,1554078438,91,-9.66,20.4,66.68,2.39
432,balkhash,76,KZ,1554078439,85,46.84,74.98,40.76,11.01
433,ayan,48,TR,1554078439,75,40.67,33.6,22.04,2.28
434,lages,64,BR,1554078384,99,-27.82,-50.33,64.99,4.97
435,banff,76,CA,1554077042,84,51.18,-115.57,37.99,5.01
436,kikwit,0,CD,1554078439,93,-5.04,18.82,72.89,2.84
437,kruisfontein,12,ZA,1554078440,85,-34.0,24.73,60.92,18.16
438,glenwood springs,1,US,1554077832,58,39.55,-107.33,53.6,10.29
439,bria,8,CF,1554078440,55,6.54,21.99,77.39,6.76
440,iskateley,56,RU,1554078374,84,67.68,53.15,24.56,17.27
441,constitucion,20,MX,1554078017,7,23.99,-104.67,80.6,18.34
442,eureka,1,US,1554078426,76,40.8,-124.16,59.0,8.05
443,walvis bay,56,NA,1554076933,63,-22.95,14.51,66.2,4.7
444,burnie,0,AU,1554078244,47,-41.05,145.91,63.0,4.0
445,tabuk,56,PH,1554078441,94,17.41,121.44,68.03,0.72
446,comodoro rivadavia,0,AR,1554073200,40,-45.87,-67.48,69.8,4.7
447,portland,75,US,1554078425,26,45.52,-122.67,71.01,4.7
448,vanimo,48,PG,1554078442,100,-2.67,141.3,80.36,11.45
449,san jeronimo,12,PE,1554078442,80,-13.65,-73.37,48.86,1.95
450,sitka,12,US,1554077839,31,37.17,-99.65,45.0,7.0
451,price,75,US,1554078244,18,39.6,-110.81,53.6,6.93
452,sabha,0,LY,1554078443,42,27.03,14.43,58.85,6.76
453,mendi,0,ET,1554078443,36,9.8,35.1,61.19,5.75
454,ban nahin,76,LA,1554078348,91,18.24,104.21,71.45,2.95
455,oktyabrskiy,40,RU,1554077638,65,55.61,37.97,44.6,6.71
456,tomatlan,0,MX,1554078443,55,19.93,-105.25,79.01,3.4
457,darhan,92,MN,1554078444,54,49.49,105.92,31.04,2.84
458,tuatapere,44,NZ,1554078006,58,-46.13,167.69,57.99,5.01
459,santa maria,75,BR,1554073200,94,-29.69,-53.81,73.4,2.24
460,qostanay,0,KZ,1554075000,92,53.17,63.58,26.6,8.95
461,seoul,1,KR,1554077400,35,37.57,126.98,44.6,2.24
462,rybnaya sloboda,0,RU,1554075000,88,55.46,50.14,37.4,11.18
463,loikaw,0,MM,1554078445,88,19.67,97.21,57.5,2.17
464,birao,0,CF,1554078446,30,10.3,22.78,70.46,5.97
465,narodychi,0,UA,1554078446,61,51.2,29.09,43.55,13.02
466,nokha,0,IN,1554078446,51,27.56,73.47,64.34,2.73
467,igarka,88,RU,1554078446,93,67.47,86.57,28.34,13.35
468,bonavista,8,CA,1554077825,84,48.65,-53.11,42.01,1.01
469,siniscola,0,IT,1554076200,93,40.57,9.69,41.0,2.24
470,bolobo,0,CD,1554078447,95,-2.17,16.23,77.03,2.39
471,coihaique,0,CL,1554073200,58,-45.58,-72.07,57.2,26.4
472,hovd,75,NO,1554078301,86,63.83,10.7,36.0,20.8
473,bakal,8,RU,1554078447,89,54.94,58.81,30.95,12.01
474,correntina,0,BR,1554078448,70,-13.34,-44.63,74.06,6.64
475,zaton,8,UA,1554078448,84,49.77,33.77,40.58,2.73
476,vestmannaeyjar,76,IS,1554078448,100,63.44,-20.27,34.82,11.01
477,honiara,76,SB,1554078448,84,-9.43,159.96,81.8,2.62
478,palauig,8,PH,1554078448,89,15.44,119.9,78.29,3.62
479,la brea,20,TT,1554078307,74,10.24,-61.62,80.6,8.05
480,nantucket,90,US,1554078188,93,41.28,-70.1,50.0,12.75
481,iralaya,20,HN,1554073200,62,15.0,-83.23,84.2,5.82
482,ulundi,0,ZA,1554078449,86,-28.29,31.43,56.69,2.17
483,copiapo,20,CL,1554073200,72,-27.37,-70.33,62.6,16.11
484,salalah,20,OM,1554076200,73,17.01,54.1,77.0,1.12
485,yantal,64,RU,1554078450,82,56.85,105.25,27.44,3.62
486,rio claro,64,BR,1554078450,62,-22.41,-47.56,72.8,6.42
487,awbari,12,LY,1554078437,36,26.59,12.77,56.87,6.2
488,bulawayo,0,ZW,1554078450,92,-20.16,28.59,56.51,3.74
489,nome,1,US,1554078376,57,30.04,-94.42,52.0,9.17
490,new waterford,90,US,1554078449,73,40.85,-80.61,28.99,10.29
491,frankfort,1,US,1554078317,47,38.2,-84.87,39.99,9.17
492,port hawkesbury,90,CA,1554078354,93,45.62,-61.36,44.01,11.41
493,keffi,0,NG,1554073200,46,8.85,7.88,89.6,9.17
494,srednekolymsk,0,RU,1554078451,77,67.46,153.71,16.46,3.18
495,hudson bay,48,CA,1554078451,64,52.86,-102.4,32.66,5.75
496,roma,0,IT,1554078362,66,41.89,12.48,53.01,1.12
497,rorvik,88,NO,1554078301,81,64.86,11.24,35.01,3.0
498,aranos,80,NA,1554078452,44,-24.14,19.11,74.24,8.1
499,valleyview,68,CA,1554078395,63,55.07,-117.28,46.52,6.42
500,yumen,36,CN,1554078453,63,40.29,97.04,30.68,1.95
501,ucluelet,20,CA,1554078067,67,48.94,-125.55,66.0,4.7
502,bucerias,5,MX,1554078316,78,20.76,-105.33,77.0,11.41
503,goslar,0,DE,1554078208,70,51.91,10.43,36.0,8.43
504,alofi,56,NU,1554076800,83,-19.06,-169.92,80.6,10.29
505,port macquarie,20,AU,1554078305,55,-31.43,152.91,75.0,10.29
506,belyy yar,0,RU,1554075000,78,53.6,91.39,33.8,4.47
507,laguna,5,MX,1554075720,28,27.52,-110.01,82.4,8.05
508,la rioja,8,AR,1554078359,81,-29.41,-66.86,72.98,2.39
509,ishikawa,40,JP,1554077834,48,37.14,140.45,53.01,10.29
510,kosonsoy,36,UZ,1554073200,66,41.25,71.55,51.8,6.93
511,tarabha,36,IN,1554078455,80,20.73,83.65,69.47,2.62
512,puerto ayacucho,75,CO,1554073200,66,5.66,-67.63,87.8,4.7
513,parbatipur,88,BD,1554078455,96,25.66,88.92,64.61,9.22
514,sinnamary,20,GF,1554078175,93,5.38,-52.96,80.63,9.44
515,sumbe,8,AO,1554078455,100,-11.2,13.84,79.28,5.19
516,santo domingo,75,DO,1554078103,88,18.48,-69.94,81.0,9.17
517,sao felix do xingu,8,BR,1554078456,93,-6.64,-51.99,76.13,2.39
518,juneau,1,US,1554076560,22,58.3,-134.42,57.2,9.17
519,kavaratti,0,IN,1554078456,100,10.57,72.64,83.96,11.45
520,marystown,92,CA,1554077873,100,47.17,-55.16,37.0,11.79
521,tobermory,56,CA,1554077850,63,45.25,-81.67,24.01,7.0
522,gualaquiza,12,EC,1554078457,86,-3.4,-78.58,64.88,2.17
523,lingao,88,CN,1554078457,90,19.91,109.69,76.76,8.21
524,bonthe,0,SL,1554078457,87,7.53,-12.5,81.53,4.74
525,nyandoma,0,RU,1554078457,85,61.67,40.21,19.88,7.65
526,clarence town,75,AU,1554078206,63,-32.59,151.78,73.99,8.05
527,otjiwarongo,32,NA,1554078457,75,-20.46,16.65,63.53,5.86
528,keshorai patan,0,IN,1554078458,33,25.3,75.93,63.71,4.74
529,yerbogachen,64,RU,1554078458,75,61.28,108.01,27.08,6.64
530,zapolyarnyy,20,RU,1554076200,73,69.43,30.82,23.0,28.86
531,hay river,75,CA,1554076800,64,60.82,-115.79,39.2,12.75
532,salta,90,AR,1554076800,94,-24.79,-65.41,75.2,6.93
533,komsomolskiy,0,RU,1554078459,85,67.55,63.78,20.69,14.81
534,fairmont,1,US,1554078363,45,40.64,-97.59,51.8,6.93
535,richards bay,0,ZA,1554078459,87,-28.77,32.06,72.08,11.12
536,axim,0,GH,1554078409,99,4.87,-2.24,82.97,6.98
537,evensk,80,RU,1554078459,90,61.92,159.24,29.51,21.3
538,mafeteng,92,LS,1554078460,50,-29.82,27.24,63.98,8.1
539,golden,90,CA,1554076800,46,51.3,-116.96,50.0,3.36
540,ardakan,90,IR,1554076800,67,32.31,54.02,62.6,9.44
541,bugiri,0,UG,1554078460,91,0.57,33.75,67.67,5.53
